Encompass ID,Distributor,Retailer Name,Mandated SKU,Mandate Expiration
4184,PREMIER BEVERAGE COMPANY,Publix,ISLAND COASTAL LAGER,12-31-2025
5727,PREMIER BEVERAGE COMPANY,Publix,ISLAND COASTAL LAGER,12-31-2025
4235,PREMIER BEVERAGE COMPANY,Publix,ISLAND COASTAL LAGER,12-31-2025
3018,PREMIER BEVERAGE COMPANY,Publix,ISLAND COASTAL LAGER,12-31-2025
3017,PREMIER BEVERAGE COMPANY,Publix,ISLAND COASTAL LAGER,12-31-2025
5763,PREMIER BEVERAGE COMPANY,Publix,ISLAND COASTAL LAGER,12-31-2025
5787,PREMIER BEVERAGE COMPANY,Publix,ISLAND COASTAL LAGER,12-31-2025
7899,PREMIER BEVERAGE COMPANY,Publix,ISLAND COASTAL LAGER,12-31-2025
6164,PREMIER BEVERAGE COMPANY,Publix,ISLAND COASTAL LAGER,12-31-2025
3917,PREMIER BEVERAGE COMPANY,Publix,ISLAND COASTAL LAGER,12-31-2025
4751,PREMIER BEVERAGE COMPANY,Publix,ISLAND COASTAL LAGER,12-31-2025
2915,PREMIER BEVERAGE COMPANY,Publix,ISLAND COASTAL LAGER,12-31-2025
3021,PREMIER BEVERAGE COMPANY,Publix,ISLAND COASTAL LAGER,12-31-2025
3909,PREMIER BEVERAGE COMPANY,Publix,ISLAND COASTAL LAGER,12-31-2025
4138,PREMIER BEVERAGE COMPANY,Publix,ISLAND COASTAL LAGER,12-31-2025
4000,PREMIER BEVERAGE COMPANY,Publix,ISLAND COASTAL LAGER,12-31-2025
4764,PREMIER BEVERAGE COMPANY,Publix,ISLAND COASTAL LAGER,12-31-2025
2944,PREMIER BEVERAGE COMPANY,Publix,ISLAND COASTAL LAGER,12-31-2025
5797,PREMIER BEVERAGE COMPANY,Publix,ISLAND COASTAL LAGER,12-31-2025
10635,PREMIER BEVERAGE COMPANY,Publix,ISLAND COASTAL LAGER,12-31-2025
5820,PREMIER BEVERAGE COMPANY,Publix,ISLAND COASTAL LAGER,12-31-2025
5834,PREMIER BEVERAGE COMPANY,Publix,ISLAND COASTAL LAGER,12-31-2025
4798,PREMIER BEVERAGE COMPANY,Publix,ISLAND COASTAL LAGER,12-31-2025
4809,PREMIER BEVERAGE COMPANY,Publix,ISLAND COASTAL LAGER,12-31-2025
8927,PREMIER BEVERAGE COMPANY,Publix,ISLAND COASTAL LAGER,12-31-2025
8086,PREMIER BEVERAGE COMPANY,Publix,ISLAND COASTAL LAGER,12-31-2025
7788,PREMIER BEVERAGE COMPANY,Publix,ISLAND COASTAL LAGER,12-31-2025
5753,PREMIER BEVERAGE COMPANY,Publix,ISLAND COASTAL LAGER,12-31-2025
7715,PREMIER BEVERAGE COMPANY,Publix,ISLAND COASTAL LAGER,12-31-2025
9371,PREMIER BEVERAGE COMPANY,Publix,ISLAND COASTAL LAGER,12-31-2025
11051,PREMIER BEVERAGE COMPANY,Publix,ISLAND COASTAL LAGER,12-31-2025
9715,PREMIER BEVERAGE COMPANY,Publix,ISLAND COASTAL LAGER,12-31-2025
10694,PREMIER BEVERAGE COMPANY,Publix,ISLAND COASTAL LAGER,12-31-2025
11798,PREMIER BEVERAGE COMPANY,Publix,ISLAND COASTAL LAGER,12-31-2025
11890,PREMIER BEVERAGE COMPANY,Publix,ISLAND COASTAL LAGER,12-31-2025
11899,PREMIER BEVERAGE COMPANY,Publix,ISLAND COASTAL LAGER,12-31-2025
14457,PREMIER BEVERAGE COMPANY,Publix,ISLAND COASTAL LAGER,12-31-2025
14570,PREMIER BEVERAGE COMPANY,Publix,ISLAND COASTAL LAGER,12-31-2025
4074,PREMIER BEVERAGE COMPANY,Publix,ISLAND ACTIVE VARIETY PK,12-31-2025
6164,PREMIER BEVERAGE COMPANY,Publix,ISLAND ACTIVE VARIETY PK,12-31-2025
5796,PREMIER BEVERAGE COMPANY,Publix,ISLAND ACTIVE VARIETY PK,12-31-2025
3021,PREMIER BEVERAGE COMPANY,Publix,ISLAND ACTIVE VARIETY PK,12-31-2025
3187,PREMIER BEVERAGE COMPANY,Publix,ISLAND ACTIVE VARIETY PK,12-31-2025
7708,PREMIER BEVERAGE COMPANY,Publix,ISLAND ACTIVE VARIETY PK,12-31-2025
4762,PREMIER BEVERAGE COMPANY,Publix,ISLAND ACTIVE VARIETY PK,12-31-2025
4777,PREMIER BEVERAGE COMPANY,Publix,ISLAND ACTIVE VARIETY PK,12-31-2025
10635,PREMIER BEVERAGE COMPANY,Publix,ISLAND ACTIVE VARIETY PK,12-31-2025
5761,PREMIER BEVERAGE COMPANY,Publix,ISLAND ACTIVE VARIETY PK,12-31-2025
5858,PREMIER BEVERAGE COMPANY,Publix,ISLAND ACTIVE VARIETY PK,12-31-2025
5827,PREMIER BEVERAGE COMPANY,Publix,ISLAND ACTIVE VARIETY PK,12-31-2025
5027,PREMIER BEVERAGE COMPANY,Publix,ISLAND ACTIVE VARIETY PK,12-31-2025
5834,PREMIER BEVERAGE COMPANY,Publix,ISLAND ACTIVE VARIETY PK,12-31-2025
4797,PREMIER BEVERAGE COMPANY,Publix,ISLAND ACTIVE VARIETY PK,12-31-2025
3002,PREMIER BEVERAGE COMPANY,Publix,ISLAND ACTIVE VARIETY PK,12-31-2025
4806,PREMIER BEVERAGE COMPANY,Publix,ISLAND ACTIVE VARIETY PK,12-31-2025
4809,PREMIER BEVERAGE COMPANY,Publix,ISLAND ACTIVE VARIETY PK,12-31-2025
5856,PREMIER BEVERAGE COMPANY,Publix,ISLAND ACTIVE VARIETY PK,12-31-2025
3194,PREMIER BEVERAGE COMPANY,Publix,ISLAND ACTIVE VARIETY PK,12-31-2025
3315,PREMIER BEVERAGE COMPANY,Publix,ISLAND ACTIVE VARIETY PK,12-31-2025
5782,PREMIER BEVERAGE COMPANY,Publix,ISLAND ACTIVE VARIETY PK,12-31-2025
5756,PREMIER BEVERAGE COMPANY,Publix,ISLAND ACTIVE VARIETY PK,12-31-2025
8089,PREMIER BEVERAGE COMPANY,Publix,ISLAND ACTIVE VARIETY PK,12-31-2025
14732,PREMIER BEVERAGE COMPANY,Publix,ISLAND ACTIVE VARIETY PK,12-31-2025
8931,PREMIER BEVERAGE COMPANY,Publix,ISLAND ACTIVE VARIETY PK,12-31-2025
9947,PREMIER BEVERAGE COMPANY,Publix,ISLAND ACTIVE VARIETY PK,12-31-2025
11808,PREMIER BEVERAGE COMPANY,Publix,ISLAND ACTIVE VARIETY PK,12-31-2025
11606,PREMIER BEVERAGE COMPANY,Publix,ISLAND ACTIVE VARIETY PK,12-31-2025
13381,PREMIER BEVERAGE COMPANY,Publix,ISLAND ACTIVE VARIETY PK,12-31-2025
11798,PREMIER BEVERAGE COMPANY,Publix,ISLAND ACTIVE VARIETY PK,12-31-2025
Dropped,PREMIER BEVERAGE COMPANY,Publix,ISLAND ACTIVE VARIETY PK,12-31-2025
11888,PREMIER BEVERAGE COMPANY,Publix,ISLAND ACTIVE VARIETY PK,12-31-2025
11836,PREMIER BEVERAGE COMPANY,Publix,ISLAND ACTIVE VARIETY PK,12-31-2025
3528,PREMIER BEVERAGE COMPANY,Publix,ISLAND ACTIVE VARIETY PK,12-31-2025
5141,PREMIER BEVERAGE COMPANY,Publix,ISLAND ACTIVE VARIETY PK,12-31-2025
2650 CREIGHTON RD,1224,Walmart,Island Coastal Active 12/12Sc,12-31-2025
2650 CREIGHTON RD,1224,Walmart,Island Coastal Lager 12/12C,12-31-2025
375 KINGS HWY,3349,Walmart,Island Coastal Active 12/12Sc,12-31-2025
375 KINGS HWY,3349,Walmart,Island Coastal Lager 12/12C,12-31-2025
3400 EASTLAKE RD,3414,Walmart,Island Coastal Lager 12/12C,12-31-2025
2951 S BLUE ANGEL PKWY,3484,Walmart,Island Coastal Lager 12/12C,12-31-2025
13227 CITY SQUARE DR,3702,Walmart,Island Coastal Active 12/12Sc,12-31-2025
34 BAHIA AVE,4368,Walmart,Island Coastal Lager 12/12C,12-31-2025
4021 LAGNIAPPE WAY,4520,Walmart,Island Coastal Active 12/12Sc,12-31-2025
2102 MAIN ST,5876,Walmart,Island Coastal Lager 12/12C,12-31-2025
17030 US HIGHWAY 441,705,Walmart,Island Coastal Active 12/12Sc,12-31-2025
3209 DEANS BRIDGE RD,1293,Walmart,Island Coastal Lager 12/12C,12-31-2025
3040 BATTLEFIELD PKWY,1458,Walmart,Island Coastal Lager 12/12C,12-31-2025
349 BRAMPTON AVE,2858,Walmart,Island Coastal Lager 12/12C,12-31-2025
2525 N DECATUR RD,3118,Walmart,Island Coastal Lager 12/12C,12-31-2025
4469 WASHINGTON RD,3570,Walmart,Island Coastal Lager 6/12C,12-31-2025
4469 WASHINGTON RD,3570,Walmart,Island Coastal Lager 12/12C,12-31-2025
502 BOOTH RD,3750,Walmart,Island Coastal Lager 12/12C,12-31-2025
3250 SARDIS CHURCH RD,3786,Walmart,Island Coastal Lager 12/12C,12-31-2025
6000 OGEECHEE RD,635,Walmart,Island Coastal Lager 12/12C,12-31-2025
6586 GA HIGHWAY 40 E,836,Walmart,Island Coastal Lager 12/12C,12-31-2025
2025 N MARINE BLVD,1298,Walmart,Island Coastal Lager 12/12C,12-31-2025
5135 CAROLINA BEACH RD,1348,Walmart,Island Coastal Lager 12/12C,12-31-2025
4101 W VERNON AVE,1661,Walmart,Island Coastal Lager 12/12C,12-31-2025
561 YOPP RD,3864,Walmart,Island Coastal Active 12/12Sc,12-31-2025
420 FUN CENTER DR,7162,Walmart,Island Coastal Lager 12/12C,12-31-2025
2830 GATEWAY DRIVE,7222,Walmart,Island Coastal Lager 12/12C,12-31-2025
1826 E. ARLINGTON BLVD,7337,Walmart,Island Coastal Lager 12/12C,12-31-2025
1636 SANDIFER BLVD,1123,Walmart,Island Coastal Lager 12/12C,12-31-2025
511 N HIGHWAY 52,1146,Walmart,Island Coastal Lager 6/12C,12-31-2025
511 N HIGHWAY 52,1146,Walmart,Island Coastal Lager 12/12C,12-31-2025
7520 GARNERS FERRY RD,1286,Walmart,Island Coastal Lager 12/12C,12-31-2025
10060 TWO NOTCH RD,1339,Walmart,Island Coastal Lager 12/12C,12-31-2025
7400 RIVERS AVE,1359,Walmart,Island Coastal Lager 12/12C,12-31-2025
350 ROBERT SMALLS PKWY,1383,Walmart,Island Coastal Active 12/12Sc,12-31-2025
350 ROBERT SMALLS PKWY,1383,Walmart,Island Coastal Lager 12/12C,12-31-2025
3951 W ASHLEY CIR,1748,Walmart,Island Coastal Lager 12/12C,12-31-2025
1231 FOLLY RD,2348,Walmart,Island Coastal Lager 12/12C,12-31-2025
3915 N KINGS HWY,2870,Walmart,Island Coastal Lager 12/12C,12-31-2025
4920 CENTRE POINTE DR,3367,Walmart,Island Coastal Active 12/12Sc,12-31-2025
4920 CENTRE POINTE DR,3367,Walmart,Island Coastal Lager 6/12C,12-31-2025
4920 CENTRE POINTE DR,3367,Walmart,Island Coastal Lager 12/12C,12-31-2025
11980 HIGHWAY 17 BYPASS,3442,Walmart,Island Coastal Lager 12/12C,12-31-2025
115 HIGHWAY 14,3628,Walmart,Island Coastal Active 12/12Sc,12-31-2025
115 HIGHWAY 14,3628,Walmart,Island Coastal Lager 12/12C,12-31-2025
1635 RED BANK ROAD,3646,Walmart,Island Coastal Lager 12/12C,12-31-2025
3685 LADSON ROAD,3713,Walmart,Island Coastal Active 12/12Sc,12-31-2025
3685 LADSON ROAD,3713,Walmart,Island Coastal Lager 6/12C,12-31-2025
215 ST JAMES AVENUE,3899,Walmart,Island Coastal Active 12/12Sc,12-31-2025
215 ST JAMES AVENUE,3899,Walmart,Island Coastal Lager 6/12C,12-31-2025
215 ST JAMES AVENUE,3899,Walmart,Island Coastal Lager 12/12C,12-31-2025
3812 LIBERTY HWY,396,Walmart,Island Coastal Lager 12/12C,12-31-2025
3000 PROPRIETORS PL,4384,Walmart,Island Coastal Active 12/12Sc,12-31-2025
3000 PROPRIETORS PL,4384,Walmart,Island Coastal Lager 6/12C,12-31-2025
3000 PROPRIETORS PL,4384,Walmart,Island Coastal Lager 12/12C,12-31-2025
115 E CHURCH ST,4420,Walmart,Island Coastal Lager 12/12C,12-31-2025
1180 DUTCH FORK RD,4440,Walmart,Island Coastal Lager 12/12C,12-31-2025
680 OLD GREENVILLE HWY,4445,Walmart,Island Coastal Active 12/12Sc,12-31-2025
680 OLD GREENVILLE HWY,4445,Walmart,Island Coastal Lager 12/12C,12-31-2025
5009 OLD BUNCOMBE ROAD,4452,Walmart,Island Coastal Lager 12/12C,12-31-2025
3581 RICHLAND AVE W,4487,Walmart,Island Coastal Lager 6/12C,12-31-2025
1780 S LAKE DR,4521,Walmart,Island Coastal Lager 6/12C,12-31-2025
1780 S LAKE DR,4521,Walmart,Island Coastal Lager 12/12C,12-31-2025
550 HIGHWAY 17 N,5087,Walmart,Island Coastal Lager 12/12C,12-31-2025
2795 NORTH RD,616,Walmart,Island Coastal Lager 12/12C,12-31-2025
10635 DORCHESTER ROAD,6174,Walmart,Island Coastal Lager 12/12C,12-31-2025
9880 DORCHESTER RD,628,Walmart,Island Coastal Lager 6/12C,12-31-2025
230 N BELTLINE DR,630,Walmart,Island Coastal Lager 12/12C,12-31-2025
1481 N HIGHWAY 17,632,Walmart,Island Coastal Active 12/12Sc,12-31-2025
1481 N HIGHWAY 17,632,Walmart,Island Coastal Lager 6/12C,12-31-2025
1481 N HIGHWAY 17,632,Walmart,Island Coastal Lager 12/12C,12-31-2025
2240 W DEKALB ST,634,Walmart,Island Coastal Active 12/12Sc,12-31-2025
2240 W DEKALB ST,634,Walmart,Island Coastal Lager 12/12C,12-31-2025
4 BLUFFTON RD,6395,Walmart,Island Coastal Lager 12/12C,12-31-2025
10820 KINGS RD,643,Walmart,Island Coastal Lager 12/12C,12-31-2025
265 SEA ISLAND PARKWAY,7181,Walmart,Island Coastal Lager 12/12C,12-31-2025
25 PEMBROKE DR,728,Walmart,Island Coastal Lager 12/12C,12-31-2025
,207,Lowes,Island Coastal Active 12/12C SC,12/31/25
,233,Lowes,Island Coastal Get Active Vrty 12/12C SC,12/31/25
,263,Lowes,Island Coastal Lager 12/12C,12/31/25
,264,Lowes,Island Coastal Lager 12/12C,12/31/25
,265,Lowes,Island Coastal Active 12/12C SC,12/31/25
,265,Lowes,Island Coastal Active 12/12C SC,12/31/25
,267,Lowes,Island Coastal Lager 12/12C,12/31/25
,268,Lowes,Island Coastal Lager 12/12C,12/31/25
,268,Lowes,Island Coastal Active 12/12C SC,12/31/25
,270,Lowes,Island Coastal Get Active Vrty 12/12C SC,12/31/25
,274,Lowes,Island Coastal Lager 12/12C,12/31/25
,275,Lowes,Island Coastal Lager 12/12C,12/31/25
,275,Lowes,Island Coastal Active 12/12C SC,12/31/25
,275,Lowes,Island Coastal Lager 12/12C,12/31/25
,276,Lowes,Island Coastal Lager 12/12C,12/31/25
,276,Lowes,Island Coastal Active 12/12C SC,12/31/25
,276,Lowes,Island Coastal Active 12/12C SC,12/31/25
,277,Lowes,Island Coastal Lager 12/12C,12/31/25
,277,Lowes,Island Coastal Active 12/12C SC,12/31/25
,277,Lowes,Island Coastal Active 12/12C SC,12/31/25
