Encompass ID,Distributor,Retailer Name,Mandated SKU,Mandate Expiration
4184,PREMIER BEVERAGE COMPANY,Publix,ISLAND COASTAL LAGER,12/31/25
5727,PREMIER BEVERAGE COMPANY,Publix,ISLAND COASTAL LAGER,12/31/25
4235,PREMIER BEVERAGE COMPANY,Publix,ISLAND COASTAL LAGER,12/31/25
3018,PREMIER BEVERAGE COMPANY,Publix,ISLAND COASTAL LAGER,12/31/25
3017,PREMIER BEVERAGE COMPANY,Publix,ISLAND COASTAL LAGER,12/31/25
5763,PREMIER BEVERAGE COMPANY,Publix,ISLAND COASTAL LAGER,12/31/25
5787,PREMIER BEVERAGE COMPANY,Publix,ISLAND COASTAL LAGER,12/31/25
7899,PREMIER BEVERAGE COMPANY,Publix,ISLAND COASTAL LAGER,12/31/25
6164,PREMIER BEVERAGE COMPANY,Publix,ISLAND COASTAL LAGER,12/31/25
3917,PREMIER BEVERAGE COMPANY,Publix,ISLAND COASTAL LAGER,12/31/25
4751,PREMIER BEVERAGE COMPANY,Publix,ISLAND COASTAL LAGER,12/31/25
2915,PREMIER BEVERAGE COMPANY,Publix,ISLAND COASTAL LAGER,12/31/25
3021,PREMIER BEVERAGE COMPANY,Publix,ISLAND COASTAL LAGER,12/31/25
3909,PREMIER BEVERAGE COMPANY,Publix,ISLAND COASTAL LAGER,12/31/25
4138,PREMIER BEVERAGE COMPANY,Publix,ISLAND COASTAL LAGER,12/31/25
4000,PREMIER BEVERAGE COMPANY,Publix,ISLAND COASTAL LAGER,12/31/25
4764,PREMIER BEVERAGE COMPANY,Publix,ISLAND COASTAL LAGER,12/31/25
2944,PREMIER BEVERAGE COMPANY,Publix,ISLAND COASTAL LAGER,12/31/25
5797,PREMIER BEVERAGE COMPANY,Publix,ISLAND COASTAL LAGER,12/31/25
10635,PREMIER BEVERAGE COMPANY,Publix,ISLAND COASTAL LAGER,12/31/25
5820,PREMIER BEVERAGE COMPANY,Publix,ISLAND COASTAL LAGER,12/31/25
5834,PREMIER BEVERAGE COMPANY,Publix,ISLAND COASTAL LAGER,12/31/25
4798,PREMIER BEVERAGE COMPANY,Publix,ISLAND COASTAL LAGER,12/31/25
4809,PREMIER BEVERAGE COMPANY,Publix,ISLAND COASTAL LAGER,12/31/25
8927,PREMIER BEVERAGE COMPANY,Publix,ISLAND COASTAL LAGER,12/31/25
8086,PREMIER BEVERAGE COMPANY,Publix,ISLAND COASTAL LAGER,12/31/25
7788,PREMIER BEVERAGE COMPANY,Publix,ISLAND COASTAL LAGER,12/31/25
5753,PREMIER BEVERAGE COMPANY,Publix,ISLAND COASTAL LAGER,12/31/25
7715,PREMIER BEVERAGE COMPANY,Publix,ISLAND COASTAL LAGER,12/31/25
9371,PREMIER BEVERAGE COMPANY,Publix,ISLAND COASTAL LAGER,12/31/25
11051,PREMIER BEVERAGE COMPANY,Publix,ISLAND COASTAL LAGER,12/31/25
9715,PREMIER BEVERAGE COMPANY,Publix,ISLAND COASTAL LAGER,12/31/25
10694,PREMIER BEVERAGE COMPANY,Publix,ISLAND COASTAL LAGER,12/31/25
11798,PREMIER BEVERAGE COMPANY,Publix,ISLAND COASTAL LAGER,12/31/25
11890,PREMIER BEVERAGE COMPANY,Publix,ISLAND COASTAL LAGER,12/31/25
11899,PREMIER BEVERAGE COMPANY,Publix,ISLAND COASTAL LAGER,12/31/25
14457,PREMIER BEVERAGE COMPANY,Publix,ISLAND COASTAL LAGER,12/31/25
14570,PREMIER BEVERAGE COMPANY,Publix,ISLAND COASTAL LAGER,12/31/25
4074,PREMIER BEVERAGE COMPANY,Publix,ISLAND ACTIVE VARIETY PK,12/31/25
6164,PREMIER BEVERAGE COMPANY,Publix,ISLAND ACTIVE VARIETY PK,12/31/25
5796,PREMIER BEVERAGE COMPANY,Publix,ISLAND ACTIVE VARIETY PK,12/31/25
3021,PREMIER BEVERAGE COMPANY,Publix,ISLAND ACTIVE VARIETY PK,12/31/25
3187,PREMIER BEVERAGE COMPANY,Publix,ISLAND ACTIVE VARIETY PK,12/31/25
7708,PREMIER BEVERAGE COMPANY,Publix,ISLAND ACTIVE VARIETY PK,12/31/25
4762,PREMIER BEVERAGE COMPANY,Publix,ISLAND ACTIVE VARIETY PK,12/31/25
4777,PREMIER BEVERAGE COMPANY,Publix,ISLAND ACTIVE VARIETY PK,12/31/25
10635,PREMIER BEVERAGE COMPANY,Publix,ISLAND ACTIVE VARIETY PK,12/31/25
5761,PREMIER BEVERAGE COMPANY,Publix,ISLAND ACTIVE VARIETY PK,12/31/25
5858,PREMIER BEVERAGE COMPANY,Publix,ISLAND ACTIVE VARIETY PK,12/31/25
5827,PREMIER BEVERAGE COMPANY,Publix,ISLAND ACTIVE VARIETY PK,12/31/25
5027,PREMIER BEVERAGE COMPANY,Publix,ISLAND ACTIVE VARIETY PK,12/31/25
5834,PREMIER BEVERAGE COMPANY,Publix,ISLAND ACTIVE VARIETY PK,12/31/25
4797,PREMIER BEVERAGE COMPANY,Publix,ISLAND ACTIVE VARIETY PK,12/31/25
3002,PREMIER BEVERAGE COMPANY,Publix,ISLAND ACTIVE VARIETY PK,12/31/25
4806,PREMIER BEVERAGE COMPANY,Publix,ISLAND ACTIVE VARIETY PK,12/31/25
4809,PREMIER BEVERAGE COMPANY,Publix,ISLAND ACTIVE VARIETY PK,12/31/25
5856,PREMIER BEVERAGE COMPANY,Publix,ISLAND ACTIVE VARIETY PK,12/31/25
3194,PREMIER BEVERAGE COMPANY,Publix,ISLAND ACTIVE VARIETY PK,12/31/25
3315,PREMIER BEVERAGE COMPANY,Publix,ISLAND ACTIVE VARIETY PK,12/31/25
5782,PREMIER BEVERAGE COMPANY,Publix,ISLAND ACTIVE VARIETY PK,12/31/25
5756,PREMIER BEVERAGE COMPANY,Publix,ISLAND ACTIVE VARIETY PK,12/31/25
8089,PREMIER BEVERAGE COMPANY,Publix,ISLAND ACTIVE VARIETY PK,12/31/25
14732,PREMIER BEVERAGE COMPANY,Publix,ISLAND ACTIVE VARIETY PK,12/31/25
8931,PREMIER BEVERAGE COMPANY,Publix,ISLAND ACTIVE VARIETY PK,12/31/25
9947,PREMIER BEVERAGE COMPANY,Publix,ISLAND ACTIVE VARIETY PK,12/31/25
11808,PREMIER BEVERAGE COMPANY,Publix,ISLAND ACTIVE VARIETY PK,12/31/25
11606,PREMIER BEVERAGE COMPANY,Publix,ISLAND ACTIVE VARIETY PK,12/31/25
13381,PREMIER BEVERAGE COMPANY,Publix,ISLAND ACTIVE VARIETY PK,12/31/25
11798,PREMIER BEVERAGE COMPANY,Publix,ISLAND ACTIVE VARIETY PK,12/31/25
11888,PREMIER BEVERAGE COMPANY,Publix,ISLAND ACTIVE VARIETY PK,12/31/25
11836,PREMIER BEVERAGE COMPANY,Publix,ISLAND ACTIVE VARIETY PK,12/31/25
3528,PREMIER BEVERAGE COMPANY,Publix,ISLAND ACTIVE VARIETY PK,12/31/25
5141,PREMIER BEVERAGE COMPANY,Publix,ISLAND ACTIVE VARIETY PK,12/31/25
11024,"SCP  Vidalia, GA",Walmart,Island Coastal Lager 12/12C,12/31/25
21896,"SCP, Garden City, GA",Walmart,Island Coastal Lager 12/12C,12/31/25
33002,"SCP, Blackshear GA",Walmart,Island Coastal Lager 12/12C,12/31/25
33316,SCP Piedmont,Walmart,Island Coastal Lager 12/12C,12/31/25
61929,SCP Charleston,Walmart,Island Coastal Lager 6/12C,12/31/25
61929,SCP Charleston,Walmart,Island Coastal Lager 12/12C,12/31/25
31239,SCP Columbia,Walmart,Island Coastal Lager 12/12C,12/31/25
31054,SCP Columbia,Walmart,Island Coastal Lager 12/12C,12/31/25
61569,SCP Charleston,Walmart,Island Coastal Lager 12/12C,12/31/25
62299,SCP Charleston,Walmart,Island Coastal Active 12/12Sc,12/31/25
62299,SCP Charleston,Walmart,Island Coastal Lager 12/12C,12/31/25
61714,SCP Charleston,Walmart,Island Coastal Lager 12/12C,12/31/25
61220,SCP Charleston,Walmart,Island Coastal Lager 12/12C,12/31/25
5903,SCP Myrtle Beach,Walmart,Island Coastal Lager 12/12C,12/31/25
61409,SCP Charleston,Walmart,Island Coastal Active 12/12Sc,12/31/25
61409,SCP Charleston,Walmart,Island Coastal Lager 6/12C,12/31/25
61409,SCP Charleston,Walmart,Island Coastal Lager 12/12C,12/31/25
5757,SCP Myrtle Beach,Walmart,Island Coastal Lager 12/12C,12/31/25
33956,SCP Piedmont,Walmart,Island Coastal Active 12/12Sc,12/31/25
33956,SCP Piedmont,Walmart,Island Coastal Lager 12/12C,12/31/25
63233,SCP Charleston,Walmart,Island Coastal Lager 12/12C,12/31/25
63317,SCP Charleston,Walmart,Island Coastal Active 12/12Sc,12/31/25
63317,SCP Charleston,Walmart,Island Coastal Lager 6/12C,12/31/25
63280,SCP Charleston,Walmart,Island Coastal Active 12/12Sc,12/31/25
63280,SCP Charleston,Walmart,Island Coastal Lager 6/12C,12/31/25
63280,SCP Charleston,Walmart,Island Coastal Lager 12/12C,12/31/25
32893,SCP Piedmont,Walmart,Island Coastal Lager 12/12C,12/31/25
62032,SCP Charleston,Walmart,Island Coastal Active 12/12Sc,12/31/25
62032,SCP Charleston,Walmart,Island Coastal Lager 6/12C,12/31/25
62032,SCP Charleston,Walmart,Island Coastal Lager 12/12C,12/31/25
31323,SCP Columbia,Walmart,Island Coastal Lager 12/12C,12/31/25
31445,SCP Columbia,Walmart,Island Coastal Lager 12/12C,12/31/25
33970,SCP Piedmont,Walmart,Island Coastal Active 12/12Sc,12/31/25
33970,SCP Piedmont,Walmart,Island Coastal Lager 12/12C,12/31/25
33968,SCP Piedmont,Walmart,Island Coastal Lager 12/12C,12/31/25
31338,SCP Columbia,Walmart,Island Coastal Lager 6/12C,12/31/25
31338,SCP Columbia,Walmart,Island Coastal Lager 12/12C,12/31/25
4167,SCP Myrtle Beach,Walmart,Island Coastal Lager 12/12C,12/31/25
80072,SCP Orangeburg,Walmart,Island Coastal Lager 12/12C,12/31/25
63312,SCP Charleston,Walmart,Island Coastal Lager 12/12C,12/31/25
62242,SCP Charleston,Walmart,Island Coastal Lager 6/12C,12/31/25
71730,SCP Florence,Walmart,Island Coastal Lager 12/12C,12/31/25
62320,SCP Charleston,Walmart,Island Coastal Active 12/12Sc,12/31/25
62320,SCP Charleston,Walmart,Island Coastal Lager 6/12C,12/31/25
62320,SCP Charleston,Walmart,Island Coastal Lager 12/12C,12/31/25
31206,SCP Columbia,Walmart,Island Coastal Active 12/12Sc,12/31/25
31206,SCP Columbia,Walmart,Island Coastal Lager 12/12C,12/31/25
63676,SCP Charleston,Walmart,Island Coastal Lager 12/12C,12/31/25
2603,SCP Myrtle Beach,Walmart,Island Coastal Lager 12/12C,12/31/25
63816,SCP Charleston,Walmart,Island Coastal Lager 12/12C,12/31/25
61677,SCP Charleston,Walmart,Island Coastal Lager 12/12C,12/31/25
8984,Cavalier Distributing,Walmart,Island Coastal Active 12/12Sc,12/31/25
8984,Cavalier Distributing,Walmart,Island Coastal Lager 12/12C,12/31/25
8969,Cavalier Distributing,Walmart,Island Coastal Active 12/12Sc,12/31/25
8969,Cavalier Distributing,Walmart,Island Coastal Lager 12/12C,12/31/25
10310,Cavalier Distributing,Walmart,Island Coastal Lager 12/12C,12/31/25
15196,Cavalier Distributing,Walmart,Island Coastal Lager 12/12C,12/31/25
14703,Cavalier Distributing,Walmart,Island Coastal Active 12/12Sc,12/31/25
10316,Cavalier Distributing,Walmart,Island Coastal Lager 12/12C,12/31/25
8888,Cavalier Distributing,Walmart,Island Coastal Active 12/12Sc,12/31/25
11345,Cavalier Distributing,Walmart,Island Coastal Lager 12/12C,12/31/25
11307,Cavalier Distributing,Walmart,Island Coastal Active 12/12Sc,12/31/25
4793,Cavalier Distributing,Walmart,Island Coastal Lager 12/12C,12/31/25
7833,Cavalier Distributing,Walmart,Island Coastal Lager 12/12C,12/31/25
40619,Tryon Distributing,Walmart,Island Coastal Lager 12/12C,12/31/25
40643,Tryon Distributing,Walmart,Island Coastal Lager 12/12C,12/31/25
60478,Tryon Distributing,Walmart,Island Coastal Lager 12/12C,12/31/25
60144,Tryon Distributing,Walmart,Island Coastal Active 12/12Sc,12/31/25
41013,Tryon Distributing,Walmart,Island Coastal Lager 12/12C,12/31/25
41074,Tryon Distributing,Walmart,Island Coastal Lager 12/12C,12/31/25
60287,Tryon Distributing,Walmart,Island Coastal Lager 12/12C,12/31/25
4751,SCP Myrtle Beach,Lowes,Island Coastal Get Active Vrty 12/12C SC,12/31/25
34339,SCP Piedmont,Lowes,Island Coastal Lager 12/12C,12/31/25
34367,SCP Piedmont,Lowes,Island Coastal Lager 12/12C,12/31/25
64250,SCP Charleston,Lowes,Island Coastal Active 12/12C SC,12/31/25
64250,SCP Charleston,Lowes,Island Coastal Active 12/12C SC,12/31/25
31888,SCP Columbia,Lowes,Island Coastal Lager 12/12C,12/31/25
31881,SCP Columbia,Lowes,Island Coastal Lager 12/12C,12/31/25
31881,SCP Columbia,Lowes,Island Coastal Active 12/12C SC,12/31/25
63963,SCP Charleston,Lowes,Island Coastal Get Active Vrty 12/12C SC,12/31/25
34742,SCP Piedmont,Lowes,Island Coastal Lager 12/12C,12/31/25
34742,SCP Piedmont,Lowes,Island Coastal Active 12/12C SC,12/31/25
34742,SCP Piedmont,Lowes,Island Coastal Lager 12/12C,12/31/25
32160,SCP Columbia,Lowes,Island Coastal Lager 12/12C,12/31/25
32160,SCP Columbia,Lowes,Island Coastal Active 12/12C SC,12/31/25
32160,SCP Columbia,Lowes,Island Coastal Active 12/12C SC,12/31/25
32165,SCP Columbia,Lowes,Island Coastal Lager 12/12C,12/31/25
32165,SCP Columbia,Lowes,Island Coastal Active 12/12C SC,12/31/25
32165,SCP Columbia,Lowes,Island Coastal Active 12/12C SC,12/31/25
7311,Tryon Distributing,Lowes,Island Coastal Active 12/12C SC,12/31/25
32924,Tryon Distributing,Lowes,Island Coastal Lager 12/12C,12/31/25
,,,,
Not present in Encompass:,,,,
2525 N DECATUR RD,3118,Walmart,Island Coastal Lager 12/12C,12/31/25
4469 WASHINGTON RD,3570,Walmart,Island Coastal Lager 6/12C,12/31/25
4469 WASHINGTON RD,3570,Walmart,Island Coastal Lager 12/12C,12/31/25
502 BOOTH RD,3750,Walmart,Island Coastal Lager 12/12C,12/31/25
3250 SARDIS CHURCH RD,3786,Walmart,Island Coastal Lager 12/12C,12/31/25
3581 RICHLAND AVE W,4487,Walmart,Island Coastal Lager 6/12C,12/31/25