GTIN,Item ID,Item Description,SOS Type,Vendor,Vendor Name,,Warehouse,,,,,"POG Publishing 
Date",,,POG Finalization Date,Forecaster,,,Replenisher Name,Store Number ,Store Division ,Store Activity,Store ID
86534000047,254824,ISLAND COASTAL LAGER,DSD,1493,PREMIER BEVERAGE COMPANY,,0,,,,,2/28/25,,,1/24/25,STEPHEN MENZIES,,,,21,MIAMI,Added,
86534000047,254824,ISLAND COASTAL LAGER,DSD,1493,PREMIER BEVERAGE COMPANY,,0,,,,,2/28/25,,,1/24/25,STEPHEN MENZIES,,,,27,LAKELAND,Added,
86534000047,254824,ISLAND COASTAL LAGER,DSD,1493,PREMIER BEVERAGE COMPANY,,0,,,,,2/28/25,,,1/24/25,STEPHEN MENZIES,,,,167,MIAMI,Added,
86534000047,254824,ISLAND COASTAL LAGER,DSD,1493,PREMIER BEVERAGE COMPANY,,0,,,,,2/28/25,,,1/24/25,STEPHEN MENZIES,,,,229,JACKSONVILLE,Added,
86534000047,254824,ISLAND COASTAL LAGER,DSD,1493,PREMIER BEVERAGE COMPANY,,0,,,,,2/28/25,,,1/24/25,STEPHEN MENZIES,,,,436,JACKSONVILLE,Added,
86534000047,254824,ISLAND COASTAL LAGER,DSD,1493,PREMIER BEVERAGE COMPANY,,0,,,,,2/28/25,,,1/24/25,STEPHEN MENZIES,,,,527,JACKSONVILLE,Dropped,
86534000047,254824,ISLAND COASTAL LAGER,DSD,1493,PREMIER BEVERAGE COMPANY,,0,,,,,2/28/25,,,1/24/25,STEPHEN MENZIES,,,,537,JACKSONVILLE,Added,
86534000047,254824,ISLAND COASTAL LAGER,DSD,1493,PREMIER BEVERAGE COMPANY,,0,,,,,2/28/25,,,1/24/25,STEPHEN MENZIES,,,,622,LAKELAND,Added,
86534000047,254824,ISLAND COASTAL LAGER,DSD,1493,PREMIER BEVERAGE COMPANY,,0,,,,,2/28/25,,,1/24/25,STEPHEN MENZIES,,,,648,LAKELAND,Added,
86534000047,254824,ISLAND COASTAL LAGER,DSD,1493,PREMIER BEVERAGE COMPANY,,0,,,,,2/28/25,,,1/24/25,STEPHEN MENZIES,,,,673,MIAMI,Added,
86534000047,254824,ISLAND COASTAL LAGER,DSD,1493,PREMIER BEVERAGE COMPANY,,0,,,,,2/28/25,,,1/24/25,STEPHEN MENZIES,,,,684,LAKELAND,Added,
86534000047,254824,ISLAND COASTAL LAGER,DSD,1493,PREMIER BEVERAGE COMPANY,,0,,,,,2/28/25,,,1/24/25,STEPHEN MENZIES,,,,812,JACKSONVILLE,Added,
86534000047,254824,ISLAND COASTAL LAGER,DSD,1493,PREMIER BEVERAGE COMPANY,,0,,,,,2/28/25,,,1/24/25,STEPHEN MENZIES,,,,814,JACKSONVILLE,Added,
86534000047,254824,ISLAND COASTAL LAGER,DSD,1493,PREMIER BEVERAGE COMPANY,,0,,,,,2/28/25,,,1/24/25,STEPHEN MENZIES,,,,850,MIAMI,Added,
86534000047,254824,ISLAND COASTAL LAGER,DSD,1493,PREMIER BEVERAGE COMPANY,,0,,,,,2/28/25,,,1/24/25,STEPHEN MENZIES,,,,871,MIAMI,Added,
86534000047,254824,ISLAND COASTAL LAGER,DSD,1493,PREMIER BEVERAGE COMPANY,,0,,,,,2/28/25,,,1/24/25,STEPHEN MENZIES,,,,872,MIAMI,Added,
86534000047,254824,ISLAND COASTAL LAGER,DSD,1493,PREMIER BEVERAGE COMPANY,,0,,,,,2/28/25,,,1/24/25,STEPHEN MENZIES,,,,896,JACKSONVILLE,Added,
86534000047,254824,ISLAND COASTAL LAGER,DSD,1493,PREMIER BEVERAGE COMPANY,,0,,,,,2/28/25,,,1/24/25,STEPHEN MENZIES,,,,1058,MIAMI,Added,
86534000047,254824,ISLAND COASTAL LAGER,DSD,1493,PREMIER BEVERAGE COMPANY,,0,,,,,2/28/25,,,1/24/25,STEPHEN MENZIES,,,,1080,JACKSONVILLE,Added,
86534000047,254824,ISLAND COASTAL LAGER,DSD,1493,PREMIER BEVERAGE COMPANY,,0,,,,,2/28/25,,,1/24/25,STEPHEN MENZIES,,,,1135,LAKELAND,Added,
86534000047,254824,ISLAND COASTAL LAGER,DSD,1493,PREMIER BEVERAGE COMPANY,,0,,,,,2/28/25,,,1/24/25,STEPHEN MENZIES,,,,1201,JACKSONVILLE,Added,
86534000047,254824,ISLAND COASTAL LAGER,DSD,1493,PREMIER BEVERAGE COMPANY,,0,,,,,2/28/25,,,1/24/25,STEPHEN MENZIES,,,,1290,JACKSONVILLE,Added,
86534000047,254824,ISLAND COASTAL LAGER,DSD,1493,PREMIER BEVERAGE COMPANY,,0,,,,,2/28/25,,,1/24/25,STEPHEN MENZIES,,,,1312,JACKSONVILLE,Added,
86534000047,254824,ISLAND COASTAL LAGER,DSD,1493,PREMIER BEVERAGE COMPANY,,0,,,,,2/28/25,,,1/24/25,STEPHEN MENZIES,,,,1365,JACKSONVILLE,Added,
86534000047,254824,ISLAND COASTAL LAGER,DSD,1493,PREMIER BEVERAGE COMPANY,,0,,,,,2/28/25,,,1/24/25,STEPHEN MENZIES,,,,1399,LAKELAND,Added,
86534000047,254824,ISLAND COASTAL LAGER,DSD,1493,PREMIER BEVERAGE COMPANY,,0,,,,,2/28/25,,,1/24/25,STEPHEN MENZIES,,,,1570,MIAMI,Added,
86534000047,254824,ISLAND COASTAL LAGER,DSD,1493,PREMIER BEVERAGE COMPANY,,0,,,,,2/28/25,,,1/24/25,STEPHEN MENZIES,,,,1581,JACKSONVILLE,Added,
86534000047,254824,ISLAND COASTAL LAGER,DSD,1493,PREMIER BEVERAGE COMPANY,,0,,,,,2/28/25,,,1/24/25,STEPHEN MENZIES,,,,1598,MIAMI,Added,
86534000047,254824,ISLAND COASTAL LAGER,DSD,1493,PREMIER BEVERAGE COMPANY,,0,,,,,2/28/25,,,1/24/25,STEPHEN MENZIES,,,,1610,JACKSONVILLE,Added,
86534000047,254824,ISLAND COASTAL LAGER,DSD,1493,PREMIER BEVERAGE COMPANY,,0,,,,,2/28/25,,,1/24/25,STEPHEN MENZIES,,,,1705,JACKSONVILLE,Added,
86534000047,254824,ISLAND COASTAL LAGER,DSD,1493,PREMIER BEVERAGE COMPANY,,0,,,,,2/28/25,,,1/24/25,STEPHEN MENZIES,,,,1719,MIAMI,Added,
86534000047,254824,ISLAND COASTAL LAGER,DSD,1493,PREMIER BEVERAGE COMPANY,,0,,,,,2/28/25,,,1/24/25,STEPHEN MENZIES,,,,1734,LAKELAND,Added,
86534000047,254824,ISLAND COASTAL LAGER,DSD,1493,PREMIER BEVERAGE COMPANY,,0,,,,,2/28/25,,,1/24/25,STEPHEN MENZIES,,,,1742,LAKELAND,Added,
86534000047,254824,ISLAND COASTAL LAGER,DSD,1493,PREMIER BEVERAGE COMPANY,,0,,,,,2/28/25,,,1/24/25,STEPHEN MENZIES,,,,1784,JACKSONVILLE,Added,
86534000047,254824,ISLAND COASTAL LAGER,DSD,1493,PREMIER BEVERAGE COMPANY,,0,,,,,2/28/25,,,1/24/25,STEPHEN MENZIES,,,,1807,JACKSONVILLE,Added,
86534000047,254824,ISLAND COASTAL LAGER,DSD,1493,PREMIER BEVERAGE COMPANY,,0,,,,,2/28/25,,,1/24/25,STEPHEN MENZIES,,,,1821,LAKELAND,Added,
86534000047,254824,ISLAND COASTAL LAGER,DSD,1493,PREMIER BEVERAGE COMPANY,,0,,,,,2/28/25,,,1/24/25,STEPHEN MENZIES,,,,1896,JACKSONVILLE,Added,
86534000047,254824,ISLAND COASTAL LAGER,DSD,1493,PREMIER BEVERAGE COMPANY,,0,,,,,2/28/25,,,1/24/25,STEPHEN MENZIES,,,,2023,JACKSONVILLE,Added,
86000752387,278689,ISLAND ACTIVE VARIETY PK,DSD,1493,PREMIER BEVERAGE COMPANY,,0,,,,,2/28/25,,,1/24/25,STEPHEN MENZIES,,,,402,MIAMI,Dropped,
86000752387,278689,ISLAND ACTIVE VARIETY PK,DSD,1493,PREMIER BEVERAGE COMPANY,,0,,,,,2/28/25,,,1/24/25,STEPHEN MENZIES,,,,648,LAKELAND,Added,
86000752387,278689,ISLAND ACTIVE VARIETY PK,DSD,1493,PREMIER BEVERAGE COMPANY,,0,,,,,2/28/25,,,1/24/25,STEPHEN MENZIES,,,,735,JACKSONVILLE,Added,
86000752387,278689,ISLAND ACTIVE VARIETY PK,DSD,1493,PREMIER BEVERAGE COMPANY,,0,,,,,2/28/25,,,1/24/25,STEPHEN MENZIES,,,,814,JACKSONVILLE,Added,
86000752387,278689,ISLAND ACTIVE VARIETY PK,DSD,1493,PREMIER BEVERAGE COMPANY,,0,,,,,2/28/25,,,1/24/25,STEPHEN MENZIES,,,,857,JACKSONVILLE,Dropped,
86000752387,278689,ISLAND ACTIVE VARIETY PK,DSD,1493,PREMIER BEVERAGE COMPANY,,0,,,,,2/28/25,,,1/24/25,STEPHEN MENZIES,,,,877,LAKELAND,Added,
86000752387,278689,ISLAND ACTIVE VARIETY PK,DSD,1493,PREMIER BEVERAGE COMPANY,,0,,,,,2/28/25,,,1/24/25,STEPHEN MENZIES,,,,890,LAKELAND,Added,
86000752387,278689,ISLAND ACTIVE VARIETY PK,DSD,1493,PREMIER BEVERAGE COMPANY,,0,,,,,2/28/25,,,1/24/25,STEPHEN MENZIES,,,,1042,JACKSONVILLE,Added,
86000752387,278689,ISLAND ACTIVE VARIETY PK,DSD,1493,PREMIER BEVERAGE COMPANY,,0,,,,,2/28/25,,,1/24/25,STEPHEN MENZIES,,,,1135,LAKELAND,Added,
86000752387,278689,ISLAND ACTIVE VARIETY PK,DSD,1493,PREMIER BEVERAGE COMPANY,,0,,,,,2/28/25,,,1/24/25,STEPHEN MENZIES,,,,1182,LAKELAND,Added,
86000752387,278689,ISLAND ACTIVE VARIETY PK,DSD,1493,PREMIER BEVERAGE COMPANY,,0,,,,,2/28/25,,,1/24/25,STEPHEN MENZIES,,,,1192,JACKSONVILLE,Added,
86000752387,278689,ISLAND ACTIVE VARIETY PK,DSD,1493,PREMIER BEVERAGE COMPANY,,0,,,,,2/28/25,,,1/24/25,STEPHEN MENZIES,,,,1196,LAKELAND,Added,
86000752387,278689,ISLAND ACTIVE VARIETY PK,DSD,1493,PREMIER BEVERAGE COMPANY,,0,,,,,2/28/25,,,1/24/25,STEPHEN MENZIES,,,,1289,JACKSONVILLE,Added,
86000752387,278689,ISLAND ACTIVE VARIETY PK,DSD,1493,PREMIER BEVERAGE COMPANY,,0,,,,,2/28/25,,,1/24/25,STEPHEN MENZIES,,,,1290,JACKSONVILLE,Added,
86000752387,278689,ISLAND ACTIVE VARIETY PK,DSD,1493,PREMIER BEVERAGE COMPANY,,0,,,,,2/28/25,,,1/24/25,STEPHEN MENZIES,,,,1305,LAKELAND,Dropped,
86000752387,278689,ISLAND ACTIVE VARIETY PK,DSD,1493,PREMIER BEVERAGE COMPANY,,0,,,,,2/28/25,,,1/24/25,STEPHEN MENZIES,,,,1306,JACKSONVILLE,Dropped,
86000752387,278689,ISLAND ACTIVE VARIETY PK,DSD,1493,PREMIER BEVERAGE COMPANY,,0,,,,,2/28/25,,,1/24/25,STEPHEN MENZIES,,,,1351,JACKSONVILLE,Dropped,
86000752387,278689,ISLAND ACTIVE VARIETY PK,DSD,1493,PREMIER BEVERAGE COMPANY,,0,,,,,2/28/25,,,1/24/25,STEPHEN MENZIES,,,,1365,JACKSONVILLE,Added,
86000752387,278689,ISLAND ACTIVE VARIETY PK,DSD,1493,PREMIER BEVERAGE COMPANY,,0,,,,,2/28/25,,,1/24/25,STEPHEN MENZIES,,,,1376,JACKSONVILLE,Added,
86000752387,278689,ISLAND ACTIVE VARIETY PK,DSD,1493,PREMIER BEVERAGE COMPANY,,0,,,,,2/28/25,,,1/24/25,STEPHEN MENZIES,,,,1401,JACKSONVILLE,Dropped,
86000752387,278689,ISLAND ACTIVE VARIETY PK,DSD,1493,PREMIER BEVERAGE COMPANY,,0,,,,,2/28/25,,,1/24/25,STEPHEN MENZIES,,,,1437,JACKSONVILLE,Dropped,
86000752387,278689,ISLAND ACTIVE VARIETY PK,DSD,1493,PREMIER BEVERAGE COMPANY,,0,,,,,2/28/25,,,1/24/25,STEPHEN MENZIES,,,,1448,JACKSONVILLE,Added,
86000752387,278689,ISLAND ACTIVE VARIETY PK,DSD,1493,PREMIER BEVERAGE COMPANY,,0,,,,,2/28/25,,,1/24/25,STEPHEN MENZIES,,,,1530,JACKSONVILLE,Added,
86000752387,278689,ISLAND ACTIVE VARIETY PK,DSD,1493,PREMIER BEVERAGE COMPANY,,0,,,,,2/28/25,,,1/24/25,STEPHEN MENZIES,,,,1600,LAKELAND,Dropped,
86000752387,278689,ISLAND ACTIVE VARIETY PK,DSD,1493,PREMIER BEVERAGE COMPANY,,0,,,,,2/28/25,,,1/24/25,STEPHEN MENZIES,,,,1657,MIAMI,Dropped,
86000752387,278689,ISLAND ACTIVE VARIETY PK,DSD,1493,PREMIER BEVERAGE COMPANY,,0,,,,,2/28/25,,,1/24/25,STEPHEN MENZIES,,,,1670,LAKELAND,Added,
86000752387,278689,ISLAND ACTIVE VARIETY PK,DSD,1493,PREMIER BEVERAGE COMPANY,,0,,,,,2/28/25,,,1/24/25,STEPHEN MENZIES,,,,1709,JACKSONVILLE,Added,
86000752387,278689,ISLAND ACTIVE VARIETY PK,DSD,1493,PREMIER BEVERAGE COMPANY,,0,,,,,2/28/25,,,1/24/25,STEPHEN MENZIES,,,,1723,LAKELAND,Added,
86000752387,278689,ISLAND ACTIVE VARIETY PK,DSD,1493,PREMIER BEVERAGE COMPANY,,0,,,,,2/28/25,,,1/24/25,STEPHEN MENZIES,,,,1776,MIAMI,Dropped,
86000752387,278689,ISLAND ACTIVE VARIETY PK,DSD,1493,PREMIER BEVERAGE COMPANY,,0,,,,,2/28/25,,,1/24/25,STEPHEN MENZIES,,,,1781,LAKELAND,Added,
86000752387,278689,ISLAND ACTIVE VARIETY PK,DSD,1493,PREMIER BEVERAGE COMPANY,,0,,,,,2/28/25,,,1/24/25,STEPHEN MENZIES,,,,1784,JACKSONVILLE,Added,
86000752387,278689,ISLAND ACTIVE VARIETY PK,DSD,1493,PREMIER BEVERAGE COMPANY,,0,,,,,2/28/25,,,1/24/25,STEPHEN MENZIES,,,,1800,MIAMI,Dropped,
86000752387,278689,ISLAND ACTIVE VARIETY PK,DSD,1493,PREMIER BEVERAGE COMPANY,,0,,,,,2/28/25,,,1/24/25,STEPHEN MENZIES,,,,1820,JACKSONVILLE,Added,
86000752387,278689,ISLAND ACTIVE VARIETY PK,DSD,1493,PREMIER BEVERAGE COMPANY,,0,,,,,2/28/25,,,1/24/25,STEPHEN MENZIES,,,,1829,JACKSONVILLE,Added,
86000752387,278689,ISLAND ACTIVE VARIETY PK,DSD,1493,PREMIER BEVERAGE COMPANY,,0,,,,,2/28/25,,,1/24/25,STEPHEN MENZIES,,,,1848,LAKELAND,Added,
86000752387,278689,ISLAND ACTIVE VARIETY PK,DSD,1493,PREMIER BEVERAGE COMPANY,,0,,,,,2/28/25,,,1/24/25,STEPHEN MENZIES,,,,2023,JACKSONVILLE,Dropped,