STORECODE,Store,State,County,City,Shopping Center Name,Street Address,Wholesaler Selection,SELECTION CHECK,Notes,VendorNum,Mandate Status
FL103,103,FL,HILLSBOROUGH,SEFFNER ,MANGO SQUARE ,11782 EAST DR. MARTIN LUTHER KING JR. BLVD ,**No Service**,,,**No Service**,NoMandateNotSelling
FL129,129,FL,HILLSBOROUGH,BRANDON ,KINGSWAY CROSSING ,1220 KINGSWAY ROAD ,**No Service**,,,**No Service**,NoMandateNotSelling
FL398,398,FL,HILLSBOROUGH,TAMPA ,NORTH POINTE PLAZA ,15151 NORTH DALE MABRY_HIGHWAY ,**No Service**,,,**No Service**,NoMandateNotSelling
FL399,399,FL,HILLSBOROUGH,TAMPA ,TWELVE OAKS PLAZA ,7018 W. WATERS AVENUE ,**No Service**,,,**No Service**,NoMandateNotSelling
FL511,511,FL,HILLSBOROUGH,TAMPA ,HILLSBOROUGH ,6001 NORTH NEBRASKA AVENUE ,**No Service**,,,**No Service**,NoMandateNotSelling
FL524,524,FL,HILLSBOROUGH,LUTZ ,NORTHGATE SQUARE ,3939 VAN DYKE ROAD ,**No Service**,,,**No Service**,NoMandateNotSelling
FL532,532,FL,HILLSBOROUGH,BRANDON ,BRANDON MALL ,939 WEST BRANDON BLVD ,**No Service**,,,**No Service**,NoMandateNotSelling
FL582,582,FL,HILLSBOROUGH,TAMPA ,HILLSBORO PLAZA ,2724 W HILLSBOROUGH AVE ,**No Service**,,,**No Service**,NoMandateNotSelling
FL584,584,FL,HILLSBOROUGH,TAMPA ,NEW TAMPA CENTER ,19034 BRUCE B DOWNS BLVD ,**No Service**,,,**No Service**,NoMandateNotSelling
FL611,611,FL,HILLSBOROUGH,TAMPA ,DALE MABRY SHOPPING CENTER ,1313 SOUTH DALE MABRY HIGHWAY ,**No Service**,,,**No Service**,NoMandateNotSelling
FL627,627,FL,HILLSBOROUGH,TAMPA ,PUBLIX AT WESTCHASE ,12139 WEST LINEBAUGH AVENUE ,**No Service**,,,**No Service**,NoMandateNotSelling
FL628,628,FL,HILLSBOROUGH,TAMPA ,PUBLIX ON BAYSHORE ,243_BAYSHORE BOULEVARD ,**No Service**,,,**No Service**,NoMandateNotSelling
FL663,663,FL,HILLSBOROUGH,BRANDON ,LAKE BRANDON PLAZA ,11255 CAUSEWAY BOULEVARD ,**No Service**,,,**No Service**,NoMandateNotSelling
FL685,685,FL,HILLSBOROUGH,TEMPLE TERRACE ,PUBLIX @ TEMPLE TERRACE ,5450 EAST BUSCH BOULEVARD ,**No Service**,,,**No Service**,NoMandateNotSelling
FL712,712,FL,HILLSBOROUGH,RIVERVIEW ,GOOLSBY POINT SHOPPING CENTER ,11667 BOYETTE ROAD ,**No Service**,,,**No Service**,NoMandateNotSelling
FL732,732,FL,HILLSBOROUGH,SUN CITY CENTER ,KINGS CROSSING ,4854 SUN CITY CENTER BLVD ,**No Service**,,,**No Service**,NoMandateNotSelling
FL754,754,FL,HILLSBOROUGH,TAMPA ,SHOPPES OF CITRUS PARK ,7835 GUNN HIGHWAY ,**No Service**,,,**No Service**,NoMandateNotSelling
FL793,793,FL,HILLSBOROUGH,PLANT CITY ,PLANT CITY CROSSING ,2515 THONOTOSASSA ROAD ,**No Service**,,,**No Service**,NoMandateNotSelling
FL831,831,FL,HILLSBOROUGH,LUTZ ,LUTZ LAKE CROSSING ,19221 NORTH DALE MABRY HIGHWAY ,**No Service**,,,**No Service**,NoMandateNotSelling
FL834,834,FL,HILLSBOROUGH,LUTZ ,APEX ,16560 NORTH NEBRASKA AVENUE ,**No Service**,,,**No Service**,NoMandateNotSelling
FL840,840,FL,HILLSBOROUGH,TAMPA ,CARROLWOOD SHOPPING CENTER ,10015 NORTH DALE MABRY HWY ,**No Service**,,,**No Service**,NoMandateNotSelling
FL876,876,FL,HILLSBOROUGH,TAMPA ,CROSS CREEK COMMONS ,10928 CROSS CREEK BOULEVARD ,**No Service**,,,**No Service**,NoMandateNotSelling
FL878,878,FL,HILLSBOROUGH,VALRICO ,SHOPPES OF LITHIA ,3461 LITHIA PINECREST ROAD ,**No Service**,,,**No Service**,NoMandateNotSelling
FL890,890,FL,HILLSBOROUGH,RIVERVIEW ,WINTHROP TOWN CENTER ,11109 WINTHROP MARKET ST ,**No Service**,,,**No Service**,MandateNotSelling
FL1032,1032,FL,HILLSBOROUGH,RIVERVIEW ,SUMMERFIELD CROSSINGS ,13154 U.S. HIGHWAY 301 ,**No Service**,,,**No Service**,NoMandateNotSelling
FL1088,1088,FL,HILLSBOROUGH,TAMPA ,NORTH BAY COMMERCE CENTER ,8975 RACE TRACK ROAD ,**No Service**,,,**No Service**,NoMandateNotSelling
FL1113,1113,FL,HILLSBOROUGH,APOLLO BEACH ,PARADISE SHOPPES OF APOLLO BEACH ,6434 US HIGHWAY 41 NORTH ,**No Service**,,,**No Service**,NoMandateNotSelling
FL1135,1135,FL,HILLSBOROUGH,LITHIA ,PUBLIX AT FISHHAWK RANCH ,5642 FISHHAWK CROSSING BOULEVARD ,**No Service**,,,**No Service**,MandateNotSelling
FL1170,1170,FL,HILLSBOROUGH,TAMPA ,CARROLLWOOD SQUARE ,5371 EHRLICH ROAD ,**No Service**,,,**No Service**,NoMandateNotSelling
FL1182,1182,FL,HILLSBOROUGH,TAMPA ,PUBLIX SUPER MARKET AT HYDE PARK ,2401 WEST AZEELE STREET ,**No Service**,,,**No Service**,MandateNotSelling
FL1212,1212,FL,HILLSBOROUGH,PLANT CITY ,PUBLIX AT WALDEN WOODS ,2202 JIM REDMAN PARKWAY ,**No Service**,,,**No Service**,NoMandateNotSelling
FL1260,1260,FL,HILLSBOROUGH,APOLLO BEACH ,PUBLIX AT SOUTHSHORE VILLAGE ,5052 N HIGHWAY 41 ,**No Service**,,,**No Service**,NoMandateNotSelling
FL1277,1277,FL,HILLSBOROUGH,VALRICO ,VALRICO SQUARE ,1971 STATE ROAD 60 EAST ,**No Service**,,,**No Service**,NoMandateNotSelling
FL1324,1324,FL,HILLSBOROUGH,TAMPA ,PUBLIX ,8701 WEST HILLSBOROUGH AVENUE ,**No Service**,,,**No Service**,NoMandateNotSelling
FL1371,1371,FL,HILLSBOROUGH,RIVERVIEW ,PAVILION CROSSING ,3863 SOUTH US HIGHWAY 301 ,**No Service**,,,**No Service**,NoMandateNotSelling
FL1373,1373,FL,HILLSBOROUGH,TAMPA ,CITY PLAZA AT TAMPA PALMS ,16041 TAMPA PALMS BOULEVARD WEST ,**No Service**,,,**No Service**,NoMandateNotSelling
FL1441,1441,FL,HILLSBOROUGH,TAMPA ,THE VILLAGE CENTER ,13178 NORTH DALE MABRY HIGHWAY ,**No Service**,,,**No Service**,NoMandateNotSelling
FL1506,1506,FL,HILLSBOROUGH,TAMPA ,BRITTON PLAZA ,3838 BRITTON PLAZA ,**No Service**,,,**No Service**,NoMandateNotSelling
FL1523,1523,FL,HILLSBOROUGH,RIVERVIEW ,RIVERCREST COMMONS SHOPPING CENTER ,11460 S US HIGHWAY 301 ,**No Service**,,,**No Service**,NoMandateNotSelling
FL1534,1534,FL,HILLSBOROUGH,TAMPA ,WESTGATE PLAZA ,12024 ANDERSON ROAD ,**No Service**,,,**No Service**,NoMandateNotSelling
FL1549,1549,FL,HILLSBOROUGH,TAMPA ,PUBLIX AT CHANNEL CLUB ,1105 E TWIGGS ST ,**No Service**,,,**No Service**,NoMandateNotSelling
FL1578,1578,FL,HILLSBOROUGH,TEMPLE TERRACE ,TERRACE RIDGE PLAZA ,11502 N 53RD STREET ,**No Service**,,,**No Service**,NoMandateNotSelling
FL1630,1630,FL,HILLSBOROUGH,TAMPA ,PUBLIX AT USF ,4425 EAST FLETCHER AVE ,**No Service**,,,**No Service**,NoMandateNotSelling
FL1653,1653,FL,HILLSBOROUGH,TAMPA ,PUBLIX AT WESTSHORE ,4900 W KENNEDY BLVD ,**No Service**,,,**No Service**,NoMandateNotSelling
FL1670,1670,FL,HILLSBOROUGH,LITHIA ,PUBLIX AT ALAFIA COMMONS ,5655 CIRCA FISHHAWK BLVD ,**No Service**,,,**No Service**,MandateNotSelling
FL1681,1681,FL,HILLSBOROUGH,BRANDON ,BLOOMINGDALE SQUARE ,949 E BLOOMINGDALE AVENUE ,**No Service**,,,**No Service**,NoMandateNotSelling
FL1711,1711,FL,HILLSBOROUGH,WIMAUMA ,BELMONT SHOPPING CENTER ,14323 S. US HIGHWAY 301 ,**No Service**,,,**No Service**,NoMandateNotSelling
FL1721,1721,FL,HILLSBOROUGH,TAMPA ,WATER STREET TAMPA ,555 CHANNELSIDE DR ,**No Service**,,,**No Service**,NoMandateNotSelling
FL1722,1722,FL,HILLSBOROUGH,TAMPA ,GANDY COMMONS ,4315 W. GANDY BLVD ,**No Service**,,,**No Service**,NoMandateNotSelling
FL1808,1808,FL,HILLSBOROUGH,TAMPA ,GANDY SHOPPING CENTER ,3617 W. GANDY BLVD ,**No Service**,,,**No Service**,NoMandateSelling
FL1821,1821,FL,HILLSBOROUGH,LUTZ ,LIVINGSTON MARKETPLACE ,2801 E COUNTY LINE RD ,**No Service**,,,**No Service**,MandateNotSelling
FL1876,1876,FL,HILLSBOROUGH,APOLLO BEACH ,THE SHOPS AT BIG BEND ,7064 WATERSET BLVD ,**No Service**,,,**No Service**,NoMandateNotSelling
FL491,491,FL,MANATEE,BRADENTON ,TWELVE OAKS PLAZA ,7290 55TH AVENUE EAST ,**No Service**,,,**No Service**,NoMandateNotSelling
FL681,681,FL,MANATEE,HOLMES BEACH ,PUBLIX AT HOLMES BEACH ,3900 EAST BAY DRIVE ,**No Service**,,,**No Service**,NoMandateNotSelling
FL709,709,FL,MANATEE,BRADENTON ,LAKEWOOD RANCH TOWN CENTER ,8330 MARKET STREET ,**No Service**,,,**No Service**,NoMandateNotSelling
FL746,746,FL,MANATEE,BRADENTON ,RIVERS EDGE ,5001 STATE ROAD 64 EAST ,**No Service**,,,**No Service**,NoMandateNotSelling
FL780,780,FL,MANATEE,BRADENTON ,WESTGATE SHOPPING CENTER ,3913 MANATEE AVENUE WEST ,**No Service**,,,**No Service**,NoMandateNotSelling
FL798,798,FL,MANATEE,BRADENTON ,LAKEWOOD RANCH GATEWAY ,1755 LAKEWOOD RANCH GATEWAY BOULEVARD ,**No Service**,,,**No Service**,NoMandateNotSelling
FL828,828,FL,MANATEE,SARASOTA ,UNIVERSITY WALK ,2875 UNIVERSITY PARKWAY ,**No Service**,,,**No Service**,NoMandateNotSelling
FL1004,1004,FL,MANATEE,BRADENTON ,BEACHWAY PLAZA ,7310 WEST MANATEE AVENUE ,**No Service**,,,**No Service**,NoMandateNotSelling
FL1152,1152,FL,MANATEE,PARRISH ,THE SHOPS AT SILVER LEAF ,11245 NORTH US 301 ,**No Service**,,,**No Service**,NoMandateNotSelling
FL1153,1153,FL,MANATEE,BRADENTON ,LAKEWOOD WALK ,11205 EAST STATE ROAD 70 ,**No Service**,,,**No Service**,NoMandateNotSelling
FL1305,1305,FL,MANATEE,PARRISH ,PARKWOOD SQUARE ,9005 U. S. HIGHWAY 301 NORTH ,**No Service**,,,**No Service**,NoMandateNotSelling
FL1326,1326,FL,MANATEE,BRADENTON ,BRADENTON COMMONS ,4651 CORTEZ ROAD WEST ,**No Service**,,,**No Service**,NoMandateNotSelling
FL1342,1342,FL,MANATEE,PALMETTO ,PUBLIX PALMETTO ,1101 8TH AVENUE WEST ,**No Service**,,,**No Service**,NoMandateNotSelling
FL1447,1447,FL,MANATEE,BRADENTON ,LOCKWOOD COMMONS ,4240 53RD AVENUE EAST ,**No Service**,,,**No Service**,NoMandateNotSelling
FL1553,1553,FL,MANATEE,BRADENTON ,PUBLIX AT BRADEN RIVER ,14605 SR 70 ,**No Service**,,,**No Service**,NoMandateNotSelling
FL1600,1600,FL,MANATEE,LAKEWOOD RANCH ,UNIVERSITY CORNER ,7325 UNIVERSITY PARKWAY ,**No Service**,,,**No Service**,NoMandateNotSelling
FL1666,1666,FL,MANATEE,PALMETTO ,GATEWAY COMMONS ,9520 BUFFALO ROAD ,**No Service**,,,**No Service**,NoMandateNotSelling
FL1723,1723,FL,MANATEE,BRADENTON ,WHITE EAGLE ,13150 SR 64 EAST ,**No Service**,,,**No Service**,MandateNotSelling
FL1848,1848,FL,MANATEE,PARRISH ,MARKET WALK AT NORTH RIVER RANCH ,11635 MOCCASIN WALLOW ROAD ,**No Service**,,,**No Service**,MandateNotSelling
FL6,6,FL,PASCO,WESLEY CHAPEL ,SHOPPES AT NEW TAMPA ,1920 C.R. 581 ,**No Service**,,,**No Service**,NoMandateNotSelling
FL102,102,FL,PASCO,NEW PORT RICHEY ,SHOPPES OF GOLDEN ACRES ,9850 LITTLE ROAD ,**No Service**,,,**No Service**,NoMandateNotSelling
FL420,420,FL,PASCO,NEW PORT RICHEY ,CHELSEA PLACE ,1346 SEVEN SPRINGS BLVD ,**No Service**,,,**No Service**,NoMandateNotSelling
FL487,487,FL,PASCO,HUDSON ,FAIRWAY OAKS PLAZA ,13752 LITTLE ROAD ,**No Service**,,,**No Service**,NoMandateNotSelling
FL504,504,FL,PASCO,HOLIDAY ,HOLIDAY CENTRE ,4701 SUN RAY DRIVE ,**No Service**,,,**No Service**,NoMandateNotSelling
FL618,618,FL,PASCO,WESLEY CHAPEL ,HOLLYBROOK PLAZA ,5400 BRUCE B DOWNS BOULEVARD ,**No Service**,,,**No Service**,NoMandateNotSelling
FL643,643,FL,PASCO,NEW PORT RICHEY ,PUBLIX AT RIVER CROSSING ,5324 LITTLE ROAD ,**No Service**,,,**No Service**,NoMandateNotSelling
FL767,767,FL,PASCO,PORT RICHEY ,REGENCY CROSSING ,7037 RIDGE ROAD ,**No Service**,,,**No Service**,NoMandateNotSelling
FL810,810,FL,PASCO,NEW PORT RICHEY ,RIVERWALK CROSSING ,11400 RIDGE ROAD ,**No Service**,,,**No Service**,NoMandateNotSelling
FL873,873,FL,PASCO,TRINITY ,MITCHELL RANCH PLAZA ,3100 LITTLE ROAD ,**No Service**,,,**No Service**,NoMandateNotSelling
FL877,877,FL,PASCO,LAND O LAKES ,COLLIER COMMONS ,2121 COLLIER PARKWAY ,**No Service**,,,**No Service**,MandateNotSelling
FL1020,1020,FL,PASCO,NEW PORT RICHEY ,SOUTHGATE SHOPPING CENTER ,5127 U.S. 19 SOUTH ,**No Service**,,,**No Service**,NoMandateNotSelling
FL1142,1142,FL,PASCO,LAND O LAKES ,ARBOR SQUARE AT CONNERTON ,7830 LAND O LAKES BLVD ,**No Service**,,,**No Service**,NoMandateNotSelling
FL1196,1196,FL,PASCO,ZEPHYRHILLS ,SUMMERTREE PLAZA ,32765 EILAND BOULEVARD ,**No Service**,,,**No Service**,MandateNotSelling
FL1219,1219,FL,PASCO,LUTZ ,THE SHOPPES AT SUNLAKE CENTRE ,18901 STATE ROAD 54 ,**No Service**,,,**No Service**,NoMandateNotSelling
FL1245,1245,FL,PASCO,ZEPHYRHILLS ,ZEPHYR COMMONS ,7838 GALL BOULEVARD ,**No Service**,,,**No Service**,NoMandateNotSelling
FL1271,1271,FL,PASCO,HUDSON ,HAYS ROAD TOWN CENTER ,14851 STATE ROAD 52 ,**No Service**,,,**No Service**,NoMandateNotSelling
FL1496,1496,FL,PASCO,DADE CITY ,THE SHOPPES OF DADE CITY ,11830 US HWY 301 ,**No Service**,,,**No Service**,NoMandateNotSelling
FL1513,1513,FL,PASCO,ODESSA ,SHOPPES AT TRINITY LAKES ,12500 SR 54 ,**No Service**,,,**No Service**,NoMandateNotSelling
FL1597,1597,FL,PASCO,HUDSON ,TOWER OAKS TERRACE ,12101 LITTLE ROAD ,**No Service**,,,**No Service**,NoMandateNotSelling
FL1611,1611,FL,PASCO,ODESSA ,STARKEY RANCH TOWN SQUARE ,13589 STATE ROAD 54 ,**No Service**,,,**No Service**,NoMandateNotSelling
FL1702,1702,FL,PASCO,ODESSA ,THE PRESERVE MARKETPLACE SHOPPING CENTER ,2175 SEMBLER DRIVE ,**No Service**,,,**No Service**,NoMandateNotSelling
FL1742,1742,FL,PASCO,SAN ANTONIO ,THE MARKET AT MIRADA ,30841 MIRADA BLVD ,**No Service**,,,**No Service**,MandateSelling
FL1877,1877,FL,PASCO,WESLEY CHAPEL ,INNOVATION SPRINGS ,32265 OVERPASS RD ,**No Service**,,,**No Service**,NoMandateNotSelling
FL28,28,FL,PINELLAS,SAINT PETERSBURG ,UNIVERSITY VILLAGE ,250 3RD STREET SOUTH ,**No Service**,,,**No Service**,NoMandateNotSelling
FL95,95,FL,PINELLAS,SEMINOLE ,COLONIAL BARDMOOR PROMENADE ,10801 STARKEY ROAD BLD 200 ,**No Service**,,,**No Service**,NoMandateNotSelling
FL111,111,FL,PINELLAS,PINELLAS PARK ,PINELLAS CROSSINGS ,7333 PARK BOULEVARD ,**No Service**,,,**No Service**,NoMandateNotSelling
FL139,139,FL,PINELLAS,SAINT PETERSBURG BEACH ,DOLPHIN VILLAGE SHOPPING CENTER ,4655 GULF BLVD ,**No Service**,,,**No Service**,NoMandateNotSelling
FL140,140,FL,PINELLAS,SAINT PETERSBURG ,CARILLON TOWN CENTER ,120 CARILLON PARKWAY ,**No Service**,,,**No Service**,NoMandateNotSelling
FL144,144,FL,PINELLAS,TARPON SPRINGS ,TARPON MALL ,40932 U.S. HIGHWAY 19 NORTH ,**No Service**,,,**No Service**,NoMandateNotSelling
FL305,305,FL,PINELLAS,SAINT PETERSBURG ,EAGLES PARK RETAIL CENTER ,5577 PARK STREET NORTH ,**No Service**,,,**No Service**,NoMandateNotSelling
FL353,353,FL,PINELLAS,DUNEDIN ,GRANADA PLAZA ,1491 MAIN STREET ,**No Service**,,,**No Service**,NoMandateNotSelling
FL374,374,FL,PINELLAS,CLEARWATER ,TRI CITY PLAZA ,5000 EAST BAY DRIVE ,**No Service**,,,**No Service**,NoMandateNotSelling
FL386,386,FL,PINELLAS,CLEARWATER ,BAYSIDE BRIDGE PLAZA ,1520 NORTH MCMULLEN BOOTH ROAD ,**No Service**,,,**No Service**,NoMandateNotSelling
FL395,395,FL,PINELLAS,SAINT PETERSBURG ,GATEWAY CROSSING ,10496 ROOSEVELT BLVD. NORTH ,**No Service**,,,**No Service**,NoMandateNotSelling
FL415,415,FL,PINELLAS,PALM HARBOR ,CORAL LANDINGS SHOPPING CENTER ,33343 U.S. 19 NORTH ,**No Service**,,,**No Service**,NoMandateNotSelling
FL497,497,FL,PINELLAS,PALM HARBOR ,PUBLIX AT BROOKER CREEK ,36301 EAST LAKE ROAD ,**No Service**,,,**No Service**,NoMandateNotSelling
FL640,640,FL,PINELLAS,SAINT PETERSBURG ,NORTHEAST PARK SHOPPING CENTER ,"200 37TH AVENUE, NORTH ",**No Service**,,,**No Service**,NoMandateNotSelling
FL688,688,FL,PINELLAS,SAINT PETERSBURG ,GATEWAY MALL ,"7999 DR. MARTIN LUTHER KING, JR. STREET NORTH ",**No Service**,,,**No Service**,NoMandateNotSelling
FL705,705,FL,PINELLAS,LARGO ,PINELLAS SHOPPING CENTER ,857 WEST BAY DRIVE ,**No Service**,,,**No Service**,NoMandateNotSelling
FL751,751,FL,PINELLAS,SEMINOLE ,OAKHURST PLAZA ,9201 OAKHURST ROAD ,**No Service**,,,**No Service**,NoMandateNotSelling
FL866,866,FL,PINELLAS,CLEARWATER ,LABELLE PLAZA ,1555 HIGHLAND AVENUE SOUTH ,**No Service**,,,**No Service**,NoMandateNotSelling
FL867,867,FL,PINELLAS,CLEARWATER ,HARBOR OAKS SHOPPING CENTER ,619 SOUTH FT. HARRISON AVENUE ,**No Service**,,,**No Service**,NoMandateNotSelling
FL891,891,FL,PINELLAS,PALM HARBOR ,SEABREEZE PLAZA SHOPPING CENTER ,30535 U.S. HIGHWAY 19 NORTH ,**No Service**,,,**No Service**,NoMandateNotSelling
FL1011,1011,FL,PINELLAS,PALM HARBOR ,CRYSTAL BEACH PLAZA ,2886 ALTERNATE US 19 ,**No Service**,,,**No Service**,NoMandateNotSelling
FL1034,1034,FL,PINELLAS,LARGO ,PARADISE SHOPPES OF LARGO ,10411 ULMERTON ROAD ,**No Service**,,,**No Service**,NoMandateNotSelling
FL1117,1117,FL,PINELLAS,CLEARWATER ,NORTHWOOD PLAZA ,2514 MCMULLEN BOOTH ROAD ,**No Service**,,,**No Service**,NoMandateNotSelling
FL1149,1149,FL,PINELLAS,TREASURE ISLAND ,PUBLIX ON TREASURE ISLAND ,111 104TH AVENUE ,**No Service**,,,**No Service**,NoMandateNotSelling
FL1160,1160,FL,PINELLAS,CLEARWATER ,GULF TO BAY PLAZA ,525 SOUTH BELCHER ROAD ,**No Service**,,,**No Service**,NoMandateNotSelling
FL1199,1199,FL,PINELLAS,SAINT PETERSBURG ,SHOPPES AT THE ROYALE ,1600 66TH STREET NORTH ,**No Service**,,,**No Service**,NoMandateNotSelling
FL1300,1300,FL,PINELLAS,CLEARWATER ,BECKETT LAKE PLAZA ,1921 NORTH BELCHER ROAD ,**No Service**,,,**No Service**,NoMandateNotSelling
FL1309,1309,FL,PINELLAS,BELLEAIR BLUFFS ,BELLEAIR BLUFFS ,2770 WEST BAY DRIVE ,**No Service**,,,**No Service**,NoMandateNotSelling
FL1320,1320,FL,PINELLAS,SEMINOLE ,PUBLIX ,7880 113TH STREET ,**No Service**,,,**No Service**,NoMandateNotSelling
FL1321,1321,FL,PINELLAS,SAINT PETERSBURG ,SEVILLE SQUARE ,3030 54TH AVENUE SOUTH ,**No Service**,,,**No Service**,NoMandateNotSelling
FL1329,1329,FL,PINELLAS,CLEARWATER ,CLEARWATER PLAZA ,1295 SOUTH MISSOURI AVENUE ,**No Service**,,,**No Service**,NoMandateNotSelling
FL1335,1335,FL,PINELLAS,LARGO ,EAST BAY PLAZA ,3825 EAST BAY DRIVE ,**No Service**,,,**No Service**,NoMandateNotSelling
FL1340,1340,FL,PINELLAS,PALM HARBOR ,RIVIERE PLAZA ,35439 U.S. 19 NORTH ,**No Service**,,,**No Service**,NoMandateNotSelling
FL1341,1341,FL,PINELLAS,PALM HARBOR ,SHOPPES AT BOOT RANCH ,500 EAST LAKE ROAD ,**No Service**,,,**No Service**,NoMandateNotSelling
FL1344,1344,FL,PINELLAS,PINELLAS PARK ,PARK BOULEVARD PLAZA ,4701 PARK BOULEVARD ,**No Service**,,,**No Service**,NoMandateNotSelling
FL1348,1348,FL,PINELLAS,SOUTH PASADENA ,PUBLIX AT SOUTH PASADENA ,1075 SOUTH PASADENA AVENUE ,**No Service**,,,**No Service**,NoMandateNotSelling
FL1394,1394,FL,PINELLAS,SAINT PETERSBURG ,PUBLIX ON 34TH STREET NORTH ,1700 34TH STREET NORTH ,**No Service**,,,**No Service**,NoMandateNotSelling
FL1413,1413,FL,PINELLAS,DUNEDIN ,CALADESI SHOPPING CENTER ,902 CURLEW ROAD ,**No Service**,,,**No Service**,NoMandateNotSelling
FL1456,1456,FL,PINELLAS,SAINT PETERSBURG ,4TH STREET STATION ,3700 4TH STREET NORTH ,**No Service**,,,**No Service**,NoMandateNotSelling
FL1457,1457,FL,PINELLAS,MADEIRA BEACH ,MADEIRA SHOPPING CENTER ,674 150TH AVENUE ,**No Service**,,,**No Service**,NoMandateNotSelling
FL1471,1471,FL,PINELLAS,LARGO ,INDIAN ROCKS SHOPPING CENTER ,12022 INDIAN ROCKS ROAD ,**No Service**,,,**No Service**,NoMandateNotSelling
FL1531,1531,FL,PINELLAS,SAINT PETERSBURG ,700 CENTRAL ,725 1ST AVE SOUTH ,**No Service**,,,**No Service**,NoMandateNotSelling
FL1541,1541,FL,PINELLAS,SAINT PETERSBURG ,BAY POINTE PLAZA ,5295 34TH STREET SOUTH ,**No Service**,,,**No Service**,NoMandateNotSelling
FL1562,1562,FL,PINELLAS,CLEARWATER ,ISLAND VILLAGE SHOPPING CENTER ,200 ISLAND WAY ,**No Service**,,,**No Service**,NoMandateNotSelling
FL1579,1579,FL,PINELLAS,LARGO ,WALSINGHAM COMMONS ,13031 WALSINGHAM ROAD ,**No Service**,,,**No Service**,NoMandateNotSelling
FL1628,1628,FL,PINELLAS,SAINT PETERSBURG ,DISSTON PLAZA ,3501 49TH STREET N ,**No Service**,,,**No Service**,NoMandateNotSelling
FL1663,1663,FL,PINELLAS,LARGO ,LARGO MALL ,10500 ULMERTON ROAD SUITE #800 ,**No Service**,,,**No Service**,NoMandateNotSelling
FL97,97,FL,POLK,LAKE WALES ,SHOPPES ON THE RIDGE ,23965 U.S. HIGHWAY 27 ,**No Service**,,,**No Service**,NoMandateNotSelling
FL356,356,FL,POLK,LAKELAND ,LAKE MIRIAM SQUARE SHOPPING CENTER ,4730 SOUTH FLORIDA AVENUE ,**No Service**,,,**No Service**,NoMandateNotSelling
FL425,425,FL,POLK,WINTER HAVEN ,SPIRIT LAKE CROSSING ,1090 SPIRIT LAKE ROAD ,**No Service**,,,**No Service**,NoMandateNotSelling
FL448,448,FL,POLK,WINTER HAVEN ,WINTER HAVEN SQUARE ,6031 CYPRESS GARDENS BLVD ,**No Service**,,,**No Service**,NoMandateNotSelling
FL557,557,FL,POLK,LAKE WALES ,SOUTHGATE SHOPPING CENTER ,102 HWY 60 EAST ,**No Service**,,,**No Service**,NoMandateNotSelling
FL671,671,FL,POLK,LAKELAND ,PUBLIX IN THE HIGHLANDS ,2125 EAST C.R. 540-A ,**No Service**,,,**No Service**,NoMandateNotSelling
FL702,702,FL,POLK,LAKELAND ,TOWN AND COUNTRY SQUARE ,2300 GRIFFIN ROAD ,**No Service**,,,**No Service**,NoMandateNotSelling
FL791,791,FL,POLK,MULBERRY ,IMPERIAL LAKES PLAZA ,2040 SHEPHERD ROAD ,**No Service**,,,**No Service**,NoMandateNotSelling
FL836,836,FL,POLK,WINTER HAVEN ,PUBLIX AT NORTHGATE ,"1395 6TH STREET, N.W. ",**No Service**,,,**No Service**,NoMandateNotSelling
FL879,879,FL,POLK,DAVENPORT ,BERRY TOWN CENTER ,2424 SAND MINE ROAD ,**No Service**,,,**No Service**,NoMandateNotSelling
FL1076,1076,FL,POLK,HAINES CITY ,HAINES CITY MALL ,617 U.S. HIGHWAY 17-92 WEST ,**No Service**,,,**No Service**,NoMandateNotSelling
FL1103,1103,FL,POLK,AUBURNDALE ,PUBLIX AT AUBURNDALE ,606 HAVENDALE BLVD ,**No Service**,,,**No Service**,NoMandateNotSelling
FL1167,1167,FL,POLK,DAVENPORT ,ST. CHARLES PLAZA ,39883 HIGHWAY 27 ,**No Service**,,,**No Service**,NoMandateNotSelling
FL1171,1171,FL,POLK,LAKELAND ,HIGHLAND CITY TOWN CENTER ,5185 U.S. HIGHWAY 98 SOUTH ,**No Service**,,,**No Service**,NoMandateNotSelling
FL1195,1195,FL,POLK,DAVENPORT ,OVATION ,7800 LAKE WILSON ROAD ,**No Service**,,,**No Service**,NoMandateNotSelling
FL1204,1204,FL,POLK,WINTER HAVEN ,SOUTHEAST PLAZA SHOPPING CENTER ,884 CYPRESS GARDENS BOULEVARD ,**No Service**,,,**No Service**,NoMandateNotSelling
FL1270,1270,FL,POLK,LAKELAND ,SOUTHGATE SHOPPING CENTER ,2515 SOUTH FLORIDA AVENUE ,**No Service**,,,**No Service**,NoMandateNotSelling
FL1366,1366,FL,POLK,LAKELAND ,PUBLIX ON COUNTY LINE ,5140 COUNTY LINE ROAD ,**No Service**,,,**No Service**,NoMandateNotSelling
FL1399,1399,FL,POLK,BARTOW ,GOLDEN GATE SHOPPING CENTER ,255 EAST VAN FLEET DRIVE ,**No Service**,,,**No Service**,MandateSelling
FL1410,1410,FL,POLK,LAKELAND ,LAKE GIBSON SHOPPING CENTER ,6767 US HIGHWAY 98 NORTH ,**No Service**,,,**No Service**,NoMandateNotSelling
FL1651,1651,FL,POLK,LAKELAND ,GROVE PARK SHOPPING CENTER ,1617 US HIGHWAY 98 SOUTH ,**No Service**,,,**No Service**,NoMandateNotSelling
FL1659,1659,FL,POLK,LAKELAND ,THE SHOPPES AT LAKE MIRIAM CROSSING ,"4747 S FLORIDA AVE, SUITE 110 ",**No Service**,,,**No Service**,NoMandateNotSelling
FL1686,1686,FL,POLK,DAVENPORT ,LOUGHMAN CROSSING ,6075 HWY 17 92 NORTH ,**No Service**,,,**No Service**,NoMandateNotSelling
FL1707,1707,FL,POLK,LAKELAND ,PLANTATION SQUARE ,5375 N SOCRUM LOOP ROAD ,**No Service**,,,**No Service**,NoMandateNotSelling
FL1734,1734,FL,POLK,LAKELAND ,KATHLEEN SQUARE ,7340 KATHLEEN ROAD ,**No Service**,,,**No Service**,MandateNotSelling
FL1738,1738,FL,POLK,DAVENPORT ,CHAMPIONS CROSSING ,1200 CHAMPIONS DRIVE ,**No Service**,,,**No Service**,NoMandateNotSelling
FL1788,1788,FL,POLK,AUBURNDALE ,PUBLIX AT LAKE JULIANA ,775 HIGHWAY 559 ,**No Service**,,,**No Service**,NoMandateNotSelling
FL1854,1854,FL,POLK,LAKELAND ,OAKBRIDGE CENTRE ,3636 HARDEN BLVD ,**No Service**,,,**No Service**,NoMandateNotSelling
